vehicle_count,average_speed,road_capacity,hour,congestion
416,44.1,1842,21,Low
658,32.2,1696,9,Medium
818,35.5,1657,10,Medium
604,43.6,1839,21,Low
791,27.9,1630,18,Medium
493,34.6,1789,17,Low
855,27.1,1814,18,Medium
621,40.1,1783,15,Low
1028,21.4,1653,18,High
951,26.4,1741,7,High
439,40.6,1776,11,Low
525,39.1,1610,12,Low
440,43.1,1666,13,Low
791,27.5,1787,8,Medium
866,35.2,1646,13,Medium
1012,31.6,1500,19,High
617,37.7,1854,22,Low
432,46.2,1600,10,Low
1073,20,1725,8,High
360,48.2,1800,10,Low
480,45.4,1600,8,Low
472,41.2,1639,13,Low
1100,27.4,1800,8,High
1031,31.4,1691,8,High
550,43.6,1700,19,Medium
884,28.6,1794,19,Medium
755,31.2,1844,9,Medium
594,38.4,1643,19,Medium
507,42.5,1888,21,Low
624,40,1600,14,Medium
557,48.5,1823,13,Low
892,34,1700,12,High
880,34.6,1800,19,Medium
880,34.6,1779,9,Medium
755,28.4,1734,18,Medium
264,47.7,1748,14,Low
473,44.6,1692,15,Low
654,41.8,1703,14,Low
674,45.5,1753,13,Low
719,39.5,1738,11,Low
557,45.5,1695,16,Low
727,31.8,1671,19,Medium
1080,31.8,1800,17,High
837,27.2,1623,18,High
618,35.1,1681,18,Medium
353,59.6,1666,22,Low
524,28.5,1780,10,Medium
496,39.9,1685,22,Low
396,50.6,1500,19,Low
864,22.3,1740,9,High
687,31.5,1649,11,Medium
713,39.7,1887,7,Medium
1035,27.2,1900,10,High
981,25.4,1894,20,High
864,30.2,1617,19,High
668,35.9,1791,12,Low
1007,30.2,1895,18,High
472,46.4,1677,15,Low
529,40.5,1758,9,Low
943,38.3,1617,14,Medium
729,33.5,1842,9,Medium
430,48.4,1600,8,Low
635,43.7,1704,8,Medium
344,50,1600,14,Low
387,49.2,1600,10,Low
159,42.7,1846,8,Low
689,31.3,1782,19,Medium
222,51,1633,15,Low
429,46.3,1886,12,Low
571,43.1,1804,21,Low
795,33.8,1669,8,Medium
858,33.3,1711,17,Medium
673,44.7,1778,14,Low
770,38.4,1802,17,Medium
629,34.8,1821,19,Medium
855,31.5,1780,17,Medium
668,42.6,1695,22,Low
661,34.8,1685,7,Medium
728,31.7,1868,10,Medium
573,44.1,1693,11,Low
1000,29.4,1900,8,High
945,27.5,1819,7,High
572,32.7,1745,14,Low
882,32.2,1800,10,Medium
672,28.4,1760,14,Medium
337,50.3,1839,22,Low
781,31.7,1771,13,Medium
491,42.6,1798,11,Low
551,41.5,1649,16,Low
821,24.6,1896,20,Medium
1050,28.4,1900,8,High
358,49.7,1832,21,Low
850,34.4,1700,8,Medium
1080,34.8,1800,17,High
815,40.4,1604,21,Low
513,43.6,1785,20,Low
531,45.7,1881,15,Low
841,34.9,1772,20,Medium
445,44.5,1678,16,Low
715,39.6,1700,19,Medium
808,37.2,1713,22,Low
807,33.8,1864,15,Medium
792,36.6,1500,19,High
475,47,1711,15,Low
745,34.2,1863,18,Medium
969,28.2,1795,10,High
880,29,1800,14,High
638,33.8,1854,19,Medium
253,50.9,1833,13,Low
665,32,1856,7,Medium
611,34.9,1801,16,Low
791,32.7,1660,20,Medium
898,29.1,1763,20,High
726,41.6,1874,22,Low
432,49.8,1500,17,Low
414,41.3,1839,10,Low
669,34.8,1744,13,Low
600,36.4,1881,7,Medium
360,51.4,1500,8,Low
315,51,1839,11,Low
690,44.3,1779,6,Low
1031,23.3,1880,9,High
432,48.3,1703,14,Low
576,39,1500,14,Medium
656,39.8,1607,14,Low
457,44.9,1741,6,Low
825,27.7,1829,19,Medium
591,44.9,1750,21,Low
941,35.4,1621,12,Medium
844,25.9,1799,18,Medium
478,45.9,1703,13,Low
937,29.3,1629,17,High
632,39.3,1634,10,Medium
810,37.2,1800,10,Medium
1036,27.3,1841,8,High
1078,30.6,1800,19,High
822,37.2,1896,7,Medium
598,39.2,1734,14,Low
850,25.4,1681,18,High
231,53,1800,12,Low
730,29.5,1889,10,Medium
727,32.4,1777,18,Medium
1010,28.9,1635,13,Medium
887,29.1,1722,17,High
459,43.8,1619,15,Low
485,45.8,1720,16,Low
1029,24.8,1835,18,High
657,39.3,1638,12,Low
550,46.5,1810,14,Low
514,41.5,1747,10,Low
284,51.7,1815,6,Low
1026,30.7,1888,14,Medium
990,28.2,1800,10,High
840,36.8,1700,17,Medium
791,32.2,1635,8,Medium
330,52.4,1500,8,Low
719,39.4,1743,15,Low
710,32.9,1875,7,Medium
720,36.2,1800,10,Medium
932,33.5,1649,18,High
900,30.2,1900,10,High
1185,22.5,1646,9,High
681,36.6,1697,7,Medium
765,31.3,1856,17,Medium
576,35.7,1634,16,Low
359,54.3,1767,22,Low
773,27.4,1792,10,Medium
856,24.4,1873,10,Medium
720,37.4,1500,8,Medium
750,27.3,1880,19,Medium
790,32.5,1740,9,Medium
880,34.4,1600,8,High
612,39.6,1859,13,Low
441,44.6,1834,15,Low
694,32.6,1693,13,Low
584,38.7,1775,14,Low
448,36.3,1809,7,Low
883,21.1,1770,8,High
700,39.4,1700,8,Medium
645,40.2,1625,16,Low
856,31,1895,8,Medium
1028,26.2,1805,20,High
798,36,1500,12,High
384,47,1600,14,Low
425,47.4,1866,15,Low
1265,24.6,1900,19,High
998,32,1500,12,High
576,43.8,1600,17,Medium
862,28.1,1817,19,Medium
616,37.6,1667,8,Medium
520,38.3,1605,12,Low
545,31.9,1630,17,Medium
640,37,1800,14,Medium
603,36.5,1881,14,Low
464,44,1600,14,Low
609,42,1600,12,Medium
780,38.8,1700,17,Medium
742,34.2,1676,17,Medium
741,38.7,1801,15,Low
419,48.8,1828,6,Low
848,32.1,1852,9,Medium
604,38,1726,11,Low
960,33.8,1800,17,High
644,38.3,1900,15,Low
850,36.6,1721,9,Medium
525,43,1600,12,Medium
1048,21,1877,10,High
900,36.4,1800,8,Medium
583,38.6,1661,13,Low
1072,20,1813,7,High
324,52.2,1500,10,Low
597,35.6,1765,18,Medium
789,33.6,1814,20,Medium
630,39.2,1700,10,Medium
342,44.8,1688,13,Low
468,43.6,1866,9,Low
575,41.6,1761,12,Low
800,35.4,1800,8,Medium
1018,24,1642,17,High
684,38.8,1794,16,Low
663,42.7,1638,16,Low
950,31.5,1786,18,High
858,37.6,1600,19,High
386,45,1660,14,Low
400,47.4,1800,8,Low
687,37.6,1738,16,Low
1050,29,1900,12,High
759,33.5,1868,20,Medium
961,27.9,1802,9,High
1037,22.2,1735,10,High
417,42.7,1772,8,Low
445,46.2,1635,11,Low
381,45.5,1600,12,Low
646,29.7,1748,18,Medium
650,40.4,1700,8,Medium
596,39.9,1690,15,Low
579,40.2,1725,8,Medium
636,37,1691,7,Medium
822,30.2,1853,20,Medium
817,32.1,1739,14,Medium
420,47,1800,12,Low
1320,25.8,1800,17,High
920,28,1900,14,High
550,39.4,1631,13,Low
691,42.3,1637,12,Low
216,54.3,1824,11,Low
488,48.7,1664,21,Low
506,42.2,1738,15,Low
780,35.9,1731,12,Medium
386,51.6,1805,6,Low
653,41.1,1627,16,Low
941,23.7,1871,19,High
842,29.3,1853,20,Medium
450,44.2,1600,10,Low
664,37.7,1855,10,Medium
558,37.8,1752,19,Medium
500,44.4,1700,8,Low
150,50.3,1893,22,Low
784,33.8,1776,19,Medium
1210,26.6,1800,19,High
648,38.2,1500,10,Medium
688,38.4,1687,9,Medium
662,39.5,1641,11,Low
726,33.3,1829,18,Medium
762,32.3,1688,8,Medium
548,37.2,1878,11,Low
715,35,1693,10,Medium
567,39.5,1615,18,Medium
463,40.8,1777,9,Low
766,31.6,1852,8,Medium
392,37.2,1697,9,Low
703,33.8,1664,20,Medium
924,34,1600,12,High
633,34,1700,19,Medium
900,31,1710,18,High
522,43.2,1600,10,Medium
501,42.8,1636,22,Low
694,28.5,1659,19,Medium
294,41.7,1861,6,Low
378,51,1500,12,Low
656,33.1,1798,10,Medium
954,20,1601,17,High
651,41,1600,12,Medium
900,33.4,1800,8,Medium
607,37.1,1642,8,Medium
735,39,1700,12,Medium
438,36.6,1802,16,Low
935,33.6,1700,19,High
694,32.7,1845,10,Medium
690,36.5,1877,17,Medium
1110,20.7,1721,14,High
494,46.9,1774,15,Low
947,25.5,1863,17,High
990,35.6,1800,19,High
427,37.6,1665,20,Low
855,33.2,1500,10,High
950,32.4,1500,8,High
638,41.6,1600,19,Medium
579,35.4,1845,7,Medium
807,26.9,1876,12,Medium
1048,27.1,1704,14,Medium
1056,32.8,1600,17,High
800,31.9,1816,8,Medium
151,53.9,1763,22,Low
704,36,1600,14,Medium
589,42.1,1851,6,Low
352,49.6,1633,13,Low
531,36.6,1842,18,Low
753,39.3,1754,22,Low
757,28.2,1770,18,Medium
840,32,1700,14,High
708,40.9,1639,12,Low
829,33.9,1890,6,Low
683,38.4,1688,7,Medium
621,39,1649,14,Low
562,42.7,1628,21,Low
761,33.7,1822,18,Medium
709,36.9,1662,13,Low
437,41.7,1825,22,Low
524,39,1627,12,Low
837,24.2,1623,19,High
720,38,1800,14,Medium
630,34.8,1774,19,Medium
600,42.8,1700,17,Medium
921,29.4,1748,9,High
347,51.5,1878,22,Low
778,33.3,1799,13,Medium
770,31.3,1734,13,Medium
750,30.2,1859,18,Medium
531,40.5,1646,12,Low
563,33.8,1722,10,Medium
702,29.8,1649,9,Medium
560,41,1700,14,Medium
542,40.4,1612,11,Low
853,27,1840,10,Medium
965,30,1883,16,Medium
1074,28.1,1875,17,High
971,28.4,1793,19,High
374,50.7,1790,21,Low
795,37.8,1857,9,Medium
736,34,1500,14,Medium
288,53,1500,14,Low
830,25.9,1786,7,Medium
565,41.2,1793,16,Low
504,45,1600,12,Low
451,46.5,1863,15,Low
720,35.4,1834,17,Medium
598,48,1613,15,Low
608,38.1,1755,16,Low
1020,32.8,1700,17,High
578,36.2,1792,11,Low
720,35,1800,14,Medium
1155,27.6,1900,19,High
867,28.1,1788,17,Medium
924,34.5,1628,16,Medium
539,50.3,1898,22,Low
220,53.4,1800,8,Low
905,40.4,1766,11,Medium
714,41,1783,21,Low
510,43,1682,12,Low
752,40,1869,9,Medium
805,36.4,1761,20,Medium
513,43.3,1774,21,Low
945,33,1800,12,High
439,45.3,1699,22,Low
637,41.2,1894,16,Low
590,42,1635,22,Low
1009,25.8,1867,8,High
824,32.4,1850,7,Medium
559,32.7,1782,19,Medium
588,46.1,1776,13,Low
700,38.4,1700,8,Medium
934,31,1755,11,Medium
754,38.2,1828,7,Medium
507,39.1,1670,13,Low
553,41,1666,16,Low
527,39.5,1750,15,Low
685,36.2,1652,9,Medium
644,40.2,1850,17,Medium
1052,23,1636,8,High
599,44.1,1690,6,Low
1085,25.5,1856,10,High
1140,30.8,1500,17,High
1011,28.8,1857,18,High
768,38.7,1653,12,Low
411,50.4,1786,13,Low
481,34.9,1796,7,Low
658,42.3,1686,21,Low
319,55.8,1759,22,Low
823,33.1,1771,8,Medium
682,40.6,1600,19,Medium
1100,28.6,1900,19,High
597,38.5,1653,14,Low
545,43.4,1744,7,Low
1176,29.8,1800,17,High
894,26.2,1699,17,High
818,30.9,1628,9,Medium
798,31.5,1735,9,Medium
703,37.1,1896,21,Low
968,33.6,1600,19,High
758,36.4,1834,12,Low
992,24.4,1743,20,High
826,26.7,1805,8,Medium
535,50.7,1759,15,Low
770,37.6,1700,19,Medium
1260,26.8,1900,17,High
944,28.5,1612,8,High
710,38.1,1687,12,Low
677,35.2,1668,13,Low
981,27.2,1696,7,High
895,25.5,1881,8,High
311,48,1799,11,Low
648,33.3,1665,18,Medium
636,32,1676,20,Medium
768,37,1852,19,Medium
796,31.2,1716,18,Medium
726,38.2,1660,8,Medium
600,41.8,1600,17,Medium
566,44.2,1719,6,Low
400,45,1600,14,Low
719,31.4,1641,15,Medium
653,38.6,1684,10,Medium
543,48.5,1879,22,Low
450,45.2,1700,10,Low
396,50.8,1500,17,Low
395,47.4,1881,11,Low
858,32.3,1685,17,Medium
756,37.3,1670,21,Low
909,32.6,1792,19,Medium
1050,30.4,1700,8,High
643,42.9,1823,22,Low
286,54.5,1690,6,Low
925,31,1896,17,Medium
838,32.7,1662,17,Medium
585,41.2,1700,10,Medium
457,49.7,1658,13,Low
297,53.2,1500,10,Low
819,38,1600,12,Medium
792,35.2,1600,10,Medium
889,27.6,1693,10,High
758,34.4,1798,14,Low
296,55.4,1647,11,Low
646,27.4,1631,18,Medium
475,46.9,1824,6,Low
680,35.8,1771,16,Low
1043,29.3,1658,9,High
1104,30.8,1500,17,High
1150,25.4,1900,8,High
446,46.4,1760,11,Low
781,41,1729,9,Medium
647,36.2,1656,21,Low
948,23.3,1686,7,High
440,46.6,1800,19,Low
1005,30.2,1890,9,High
363,51.6,1500,19,Low
553,38.6,1741,14,Low
826,28.7,1898,17,Medium
800,31,1900,14,High
972,24.5,1845,17,High
577,35.2,1631,17,Medium
716,27.5,1680,10,Medium
1155,29.6,1700,19,High
1035,26.2,1900,10,High
472,42,1789,15,Low
795,32.3,1631,20,Medium
833,31.9,1803,10,Medium
285,49.9,1629,21,Low
524,37.2,1884,13,Low
440,45.6,1824,21,Low
810,34.2,1800,10,Medium
1003,24.8,1879,7,High
495,49.2,1662,22,Low
840,37.8,1700,17,Medium
603,39.3,1832,7,Medium
589,42.3,1694,15,Low
955,27.9,1652,8,High
891,38.4,1624,10,Medium
678,34.7,1727,8,Medium
589,42.5,1620,16,Low
494,40.4,1711,20,Low
697,36.2,1806,13,Low
242,52.6,1800,19,Low
640,36.1,1651,7,Medium
760,34,1500,14,Medium
641,31.7,1642,19,Medium
684,37.2,1500,10,Medium
612,32.4,1659,12,Low
264,54,1500,14,Low
1260,28.8,1700,17,High
1150,26.4,1900,8,High
954,26.7,1792,7,High
702,29.2,1658,8,Medium
176,55,1800,14,Low
663,38.1,1841,15,Low
945,31.8,1819,17,Medium
713,35.6,1659,19,Medium
645,37.1,1806,11,Low
436,38.8,1691,22,Low
430,44.7,1761,13,Low
972,31.2,1827,7,High
723,38,1806,9,Medium
980,31.4,1800,8,High
911,33.8,1761,13,Medium
606,36.8,1674,18,Medium
668,41.7,1745,13,Low
682,40,1700,12,Medium
808,29.6,1770,20,Medium
1250,20,1845,20,High
888,30.6,1695,8,High
1208,26,1900,12,High
587,41.7,1801,12,Low
961,27.6,1606,10,High
702,39.2,1600,10,Medium
524,38.3,1860,14,Low
462,45,1683,13,Low
662,39,1713,11,Low
814,27.1,1669,19,High
435,37.2,1752,6,Low
478,46.2,1769,13,Low
819,31.3,1850,19,Medium
273,57,1620,22,Low
314,48.8,1664,15,Low
847,32.3,1615,15,Medium
833,35.2,1760,21,Low
748,34.8,1665,19,Medium
639,31.5,1813,13,Low
580,42.4,1600,8,Medium
822,30.3,1860,19,Medium
966,32,1500,12,High
515,48,1786,12,Low
652,34.6,1600,9,Medium
796,35.9,1777,6,Low
320,49,1800,14,Low
1250,20.7,1746,10,High
712,39.5,1611,21,Low
558,42.2,1600,10,Medium
777,34.5,1725,9,Medium
793,32,1715,16,Medium
990,32.6,1800,19,High
1265,25.6,1900,19,High
828,33.2,1500,10,High
716,38.8,1790,22,Low
519,44.9,1671,22,Low
553,40.6,1650,11,Low
579,42.6,1832,11,Low
784,36,1649,11,Medium
945,36,1800,12,High
670,36.2,1888,14,Low
780,38.4,1600,8,Medium
679,43,1719,14,Low
588,38.5,1887,11,Low
653,32.5,1819,8,Medium
626,37.9,1899,8,Medium
739,27.6,1804,10,Medium
760,43.1,1870,22,Low
396,42.3,1674,15,Low
511,44.4,1636,20,Low
542,43.3,1796,13,Low
920,32.4,1500,8,High
989,20,1782,18,High
818,34.2,1738,12,Medium
498,51.4,1900,6,Low
682,40.4,1654,16,Low
560,40,1700,14,Medium
735,38,1700,12,Medium
419,38.9,1614,15,Low
793,29.2,1676,8,Medium
665,42,1707,14,Low
722,26.5,1823,7,Medium
724,38.4,1840,20,Medium
438,46.7,1616,14,Low
771,31.5,1849,20,Medium
840,30,1900,14,High
970,24.5,1746,7,High
550,42.6,1600,19,Medium
505,42.8,1831,10,Low
532,37.5,1800,19,Low
739,33.7,1739,20,Medium
665,36.1,1777,18,Medium
713,40.2,1718,7,Medium
1102,28,1900,12,High
929,30.6,1735,20,High
536,45.4,1609,16,Low
723,39.9,1665,11,Low
587,42.2,1750,14,Low
671,33.3,1730,21,Low
582,39.7,1867,13,Low
920,27,1900,14,High
669,35.7,1660,11,Low
512,36.9,1890,10,Low
716,35,1884,17,Medium
739,31.3,1679,15,Medium
887,32.1,1788,11,Medium
367,42.5,1713,15,Low
629,41,1750,11,Low
660,34.8,1843,18,Medium
503,51.8,1704,22,Low
691,32.3,1847,13,Low
393,44.6,1844,20,Low
719,33.9,1718,14,Low
574,40.4,1634,13,Low
342,47.5,1853,16,Low
1073,28.8,1813,20,High
832,32.6,1886,20,Medium
480,45.8,1800,17,Low
677,39.3,1831,21,Low
912,25.5,1828,18,High
368,46.7,1692,13,Low
345,47.4,1669,22,Low
615,36.6,1656,20,Medium
490,49,1610,21,Low
751,35.6,1838,10,Medium
621,41.5,1855,7,Low
637,40.6,1624,11,Low
984,23.9,1605,20,High
559,41.5,1710,14,Low
571,35.4,1829,22,Low
681,39.1,1723,10,Medium
577,36.1,1777,16,Low
920,36.2,1792,12,Medium
935,21.7,1733,19,High
629,37.4,1826,14,Low
562,45,1700,15,Low
802,27.8,1663,20,Medium
833,28.8,1623,20,High
813,30.3,1687,10,Medium
552,37.1,1885,16,Low
182,54.1,1712,15,Low
829,38.8,1791,18,Medium
645,36.2,1696,16,Low
739,33.4,1747,8,Medium
650,36,1848,7,Medium
765,35.2,1700,10,Medium
406,41.1,1679,12,Low
608,38,1500,14,Medium
722,35.7,1682,20,Medium
473,47.6,1600,19,Low
432,46.8,1602,12,Low
346,52,1500,12,Low
866,29.2,1618,18,High
350,48,1639,6,Low
701,36.3,1825,8,Medium
770,38.6,1700,19,Medium
481,50.8,1627,6,Low
652,37.8,1695,13,Low
921,30.5,1849,12,Medium
595,45,1714,16,Low
428,47.7,1802,12,Low
1185,20,1876,19,High
457,48.6,1799,22,Low
524,41.3,1608,15,Low
525,41.3,1702,17,Low
463,43.5,1650,21,Low
678,29.6,1774,19,Medium
264,51.8,1800,17,Low
522,41.8,1813,8,Low
346,52.6,1632,22,Low
245,43.2,1823,11,Low
798,30,1681,10,Medium
1029,31,1800,12,High
612,33.5,1821,10,Medium
696,36.2,1697,15,Low
861,25.7,1646,20,High
1045,31.6,1500,19,High
452,48,1600,12,Low
723,34,1770,20,Medium
840,35,1800,12,Medium
520,42,1700,14,Medium
849,36.8,1826,21,Low
438,39.2,1642,15,Low
947,31.5,1673,9,High
1119,20,1634,7,High
582,45.2,1809,16,Low
738,29.5,1694,19,Medium
396,41.4,1752,12,Low
660,36.9,1601,13,Low
729,41.1,1827,22,Low
650,42.4,1635,12,Low
500,43.4,1600,8,Low
756,37,1500,12,Medium
343,45,1887,6,Low
796,35.9,1708,10,Medium
1208,25,1900,12,High
958,22.2,1663,10,High
893,27.6,1627,20,High
864,35.8,1500,17,High
1102,30,1700,12,High
760,36.4,1500,8,Medium
936,36.8,1600,17,High
530,43,1882,6,Low
820,36.5,1766,17,Medium
987,25.8,1706,17,High
486,41.4,1737,8,Low
1380,24.8,1900,17,High
460,53.7,1610,21,Low
792,33.1,1757,17,Medium
698,36.3,1637,13,Low
847,35.6,1820,17,Medium
552,42.6,1839,6,Low
289,57.5,1828,6,Low
641,40.8,1804,14,Low
735,39.8,1766,15,Low
836,35.6,1500,19,High
867,32.5,1696,12,Medium
898,28.7,1640,11,Medium
513,36.6,1651,9,Medium
447,40.9,1749,17,Low
496,43,1600,14,Medium
907,24.2,1825,15,Medium
901,29.5,1822,18,Medium
198,54.2,1800,10,Low
843,34,1668,7,Medium
573,34,1650,11,Low
1155,27,1800,12,High
542,42.8,1799,13,Low
516,46.8,1600,17,Medium
731,32.9,1638,19,Medium
586,33.3,1880,10,Medium
816,30.3,1726,8,Medium
604,44,1854,21,Low
630,40.2,1700,10,Medium
566,42.2,1811,16,Low
621,39.8,1677,15,Low
719,39.8,1748,12,Low
687,43.7,1712,12,Low
945,31.2,1700,10,High
749,33.5,1672,10,Medium
626,38.5,1729,13,Low
334,51.1,1614,22,Low
554,40.4,1712,6,Low
696,40.8,1600,17,Medium
507,39.5,1803,16,Low
726,32.8,1745,18,Medium
518,40.4,1689,18,Low
786,31.5,1833,7,Medium
779,33.4,1787,17,Medium
803,37,1636,6,Low
522,42.8,1665,12,Low
735,30.8,1847,10,Medium
1005,27,1672,10,High
685,39.9,1613,14,Low
922,28.9,1867,8,Medium
633,42.4,1744,6,Low
546,39.4,1707,18,Low
802,33.8,1818,13,Medium
1200,27.8,1900,17,High
502,46.7,1740,6,Low
734,39.4,1610,7,Medium
506,45.4,1749,16,Low
680,42.8,1690,22,Low
400,46,1700,14,Low
667,35.5,1900,17,Medium
298,48.9,1741,11,Low
912,34.8,1500,17,High
699,35.1,1894,10,Medium
614,46.7,1711,21,Low
671,36.8,1767,9,Medium
749,41.9,1655,13,Low
460,39.5,1674,18,Low
770,31.6,1877,8,Medium
837,28.6,1603,15,Medium
936,30,1730,8,High
1380,23.8,1900,17,High
501,40.3,1632,19,Low
784,33,1800,14,Medium
669,36.9,1607,10,Medium
680,36,1700,14,Medium
1024,21.3,1653,10,High
363,50.8,1690,15,Low
905,25.3,1834,10,High
677,49.7,1718,16,Low
945,29.2,1900,10,High
506,52.7,1699,21,Low
525,44,1700,12,Low
1011,24.9,1680,18,High
528,44.6,1600,19,Medium
744,39.8,1600,17,Medium
510,43,1751,22,Low
607,43.8,1876,10,Low
620,41.4,1600,8,Medium
